file_name,mode,file_type,relative_path,notes
session_diagonal_fixed_1758157329.csv,diagonal,csv,data\raw\diagonal\session_diagonal_fixed_1758157329.csv,raw session file
session_diagonal_fixed_1758157450.csv,diagonal,csv,data\raw\diagonal\session_diagonal_fixed_1758157450.csv,raw session file
session_diagonal_fixed_1758157564.csv,diagonal,csv,data\raw\diagonal\session_diagonal_fixed_1758157564.csv,raw session file
session_diagonal_fixed_1758157678.csv,diagonal,csv,data\raw\diagonal\session_diagonal_fixed_1758157678.csv,raw session file
session_diagonal_fixed_1758157871.csv,diagonal,csv,data\raw\diagonal\session_diagonal_fixed_1758157871.csv,raw session file
session_diagonal_fixed_1758157971.csv,diagonal,csv,data\raw\diagonal\session_diagonal_fixed_1758157971.csv,raw session file
session_diagonal_fixed_1758239183.csv,diagonal,csv,data\raw\diagonal\session_diagonal_fixed_1758239183.csv,raw session file
session_diagonal_fixed_1758239290.csv,diagonal,csv,data\raw\diagonal\session_diagonal_fixed_1758239290.csv,raw session file
session_diagonal_fixed_1758239611.csv,diagonal,csv,data\raw\diagonal\session_diagonal_fixed_1758239611.csv,raw session file
session_diagonal_fixed_1758240402.csv,diagonal,csv,data\raw\diagonal\session_diagonal_fixed_1758240402.csv,raw session file
session_diagonal_fixed_1758594134.csv,diagonal,csv,data\raw\diagonal\session_diagonal_fixed_1758594134.csv,raw session file
session_diagonal_fixed_1758594241.csv,diagonal,csv,data\raw\diagonal\session_diagonal_fixed_1758594241.csv,raw session file
session_diagonal_fixed_1758594352.csv,diagonal,csv,data\raw\diagonal\session_diagonal_fixed_1758594352.csv,raw session file
session_diagonal_fixed_1758594475.csv,diagonal,csv,data\raw\diagonal\session_diagonal_fixed_1758594475.csv,raw session file
session_diagonal_fixed_1758594571.csv,diagonal,csv,data\raw\diagonal\session_diagonal_fixed_1758594571.csv,raw session file
session_diagonal_fixed_1758595473.csv,diagonal,csv,data\raw\diagonal\session_diagonal_fixed_1758595473.csv,raw session file
session_diagonal_fixed_1758595546.csv,diagonal,csv,data\raw\diagonal\session_diagonal_fixed_1758595546.csv,raw session file
session_diagonal_fixed_1758595633.csv,diagonal,csv,data\raw\diagonal\session_diagonal_fixed_1758595633.csv,raw session file
session_diagonal_fixed_1758596221.csv,diagonal,csv,data\raw\diagonal\session_diagonal_fixed_1758596221.csv,raw session file
session_diagonal_fixed_1758596299.csv,diagonal,csv,data\raw\diagonal\session_diagonal_fixed_1758596299.csv,raw session file
diagonal_fixed_history_Sajid.json,diagonal,json,data\raw\diagonal\diagonal_fixed_history_Sajid.json,history file
diagonal_fixed_history_Thirta.json,diagonal,json,data\raw\diagonal\diagonal_fixed_history_Thirta.json,history file
session_horizontal_fixed_1757887693.csv,horizontal,csv,data\raw\horizontal\session_horizontal_fixed_1757887693.csv,raw session file
session_horizontal_fixed_1757957526.csv,horizontal,csv,data\raw\horizontal\session_horizontal_fixed_1757957526.csv,raw session file
session_horizontal_fixed_1757982851.csv,horizontal,csv,data\raw\horizontal\session_horizontal_fixed_1757982851.csv,raw session file
session_horizontal_fixed_1758124898.csv,horizontal,csv,data\raw\horizontal\session_horizontal_fixed_1758124898.csv,raw session file
session_horizontal_fixed_1758125431.csv,horizontal,csv,data\raw\horizontal\session_horizontal_fixed_1758125431.csv,raw session file
session_horizontal_fixed_1758126004.csv,horizontal,csv,data\raw\horizontal\session_horizontal_fixed_1758126004.csv,raw session file
session_horizontal_fixed_1758126158.csv,horizontal,csv,data\raw\horizontal\session_horizontal_fixed_1758126158.csv,raw session file
session_horizontal_fixed_1758126303.csv,horizontal,csv,data\raw\horizontal\session_horizontal_fixed_1758126303.csv,raw session file
session_horizontal_fixed_1758126439.csv,horizontal,csv,data\raw\horizontal\session_horizontal_fixed_1758126439.csv,raw session file
session_horizontal_fixed_1758126847.csv,horizontal,csv,data\raw\horizontal\session_horizontal_fixed_1758126847.csv,raw session file
session_horizontal_fixed_1758584714.csv,horizontal,csv,data\raw\horizontal\session_horizontal_fixed_1758584714.csv,raw session file
session_horizontal_fixed_1758584809.csv,horizontal,csv,data\raw\horizontal\session_horizontal_fixed_1758584809.csv,raw session file
session_horizontal_fixed_1758587054.csv,horizontal,csv,data\raw\horizontal\session_horizontal_fixed_1758587054.csv,raw session file
session_horizontal_fixed_1758587183.csv,horizontal,csv,data\raw\horizontal\session_horizontal_fixed_1758587183.csv,raw session file
session_horizontal_fixed_1758587278.csv,horizontal,csv,data\raw\horizontal\session_horizontal_fixed_1758587278.csv,raw session file
session_horizontal_fixed_1758587410.csv,horizontal,csv,data\raw\horizontal\session_horizontal_fixed_1758587410.csv,raw session file
session_horizontal_fixed_1758587525.csv,horizontal,csv,data\raw\horizontal\session_horizontal_fixed_1758587525.csv,raw session file
session_horizontal_fixed_1758587622.csv,horizontal,csv,data\raw\horizontal\session_horizontal_fixed_1758587622.csv,raw session file
session_horizontal_fixed_1758587735.csv,horizontal,csv,data\raw\horizontal\session_horizontal_fixed_1758587735.csv,raw session file
session_horizontal_fixed_1758587948.csv,horizontal,csv,data\raw\horizontal\session_horizontal_fixed_1758587948.csv,raw session file
horizontal_fixed_history_Sajid.json,horizontal,json,data\raw\horizontal\horizontal_fixed_history_Sajid.json,history file
horizontal_fixed_history_Thirta.json,horizontal,json,data\raw\horizontal\horizontal_fixed_history_Thirta.json,history file
session_vertical_fixed_1758152129.csv,vertical,csv,data\raw\vertical\session_vertical_fixed_1758152129.csv,raw session file
session_vertical_fixed_1758152278.csv,vertical,csv,data\raw\vertical\session_vertical_fixed_1758152278.csv,raw session file
session_vertical_fixed_1758152428.csv,vertical,csv,data\raw\vertical\session_vertical_fixed_1758152428.csv,raw session file
session_vertical_fixed_1758152786.csv,vertical,csv,data\raw\vertical\session_vertical_fixed_1758152786.csv,raw session file
session_vertical_fixed_1758152921.csv,vertical,csv,data\raw\vertical\session_vertical_fixed_1758152921.csv,raw session file
session_vertical_fixed_1758153220.csv,vertical,csv,data\raw\vertical\session_vertical_fixed_1758153220.csv,raw session file
session_vertical_fixed_1758153555.csv,vertical,csv,data\raw\vertical\session_vertical_fixed_1758153555.csv,raw session file
session_vertical_fixed_1758153678.csv,vertical,csv,data\raw\vertical\session_vertical_fixed_1758153678.csv,raw session file
session_vertical_fixed_1758154496.csv,vertical,csv,data\raw\vertical\session_vertical_fixed_1758154496.csv,raw session file
session_vertical_fixed_1758154673.csv,vertical,csv,data\raw\vertical\session_vertical_fixed_1758154673.csv,raw session file
session_vertical_fixed_1758588591.csv,vertical,csv,data\raw\vertical\session_vertical_fixed_1758588591.csv,raw session file
session_vertical_fixed_1758588715.csv,vertical,csv,data\raw\vertical\session_vertical_fixed_1758588715.csv,raw session file
session_vertical_fixed_1758588825.csv,vertical,csv,data\raw\vertical\session_vertical_fixed_1758588825.csv,raw session file
session_vertical_fixed_1758589085.csv,vertical,csv,data\raw\vertical\session_vertical_fixed_1758589085.csv,raw session file
session_vertical_fixed_1758589209.csv,vertical,csv,data\raw\vertical\session_vertical_fixed_1758589209.csv,raw session file
session_vertical_fixed_1758589313.csv,vertical,csv,data\raw\vertical\session_vertical_fixed_1758589313.csv,raw session file
session_vertical_fixed_1758589423.csv,vertical,csv,data\raw\vertical\session_vertical_fixed_1758589423.csv,raw session file
session_vertical_fixed_1758589544.csv,vertical,csv,data\raw\vertical\session_vertical_fixed_1758589544.csv,raw session file
session_vertical_fixed_1758589887.csv,vertical,csv,data\raw\vertical\session_vertical_fixed_1758589887.csv,raw session file
session_vertical_fixed_1758589983.csv,vertical,csv,data\raw\vertical\session_vertical_fixed_1758589983.csv,raw session file
vertical_fixed_history_Sajid.json,vertical,json,data\raw\vertical\vertical_fixed_history_Sajid.json,history file
vertical_fixed_history_Thirta.json,vertical,json,data\raw\vertical\vertical_fixed_history_Thirta.json,history file
